{
  "203": {
    "packetId": 203,
    "stream": 56,
    "sequence": 1,
    "compressed": true,
    "payloadSize": 28080,
    "payloadFile": "203.payload.bin",
    "rawFile": "203.packet.bin",
    "totalLength": 28099,
    "tail": 287454020,
    "frame": 1941,
    "time": 59.288933,
    "sha256": "58f0470cde11a173759c59467660f41dda99b25ffd4d81efd3c8c256f4994936"
  },
  "217": {
    "packetId": 217,
    "stream": 45,
    "sequence": 1,
    "compressed": true,
    "payloadSize": 7593,
    "payloadFile": "217.payload.bin",
    "rawFile": "217.packet.bin",
    "totalLength": 7611,
    "tail": 287454020,
    "frame": 1653,
    "time": 31.4172135,
    "sha256": "a28cdc509a38972c2d8e7391f429d5eaaace8eced775a8f6f5e4b44bdb02780c"
  }
}
